Category,Subcategory,Model,ListPrice,Color,StandardCost,Product,SKU,ProductId
Components,Road_Frames,HL_Road_Frame,1431.5,Black,868.63,HL_Road_Frame_-_Black_58,FR-R92B-58,210
Components,Road_Frames,HL_Road_Frame,1431.5,Red,868.63,HL_Road_Frame_-_Red_58,FR-R92R-58,211
Accessories,Helmets,Sport-100,33.64,Red,12.03,Sport-100_Helmet_Red,HL-U509-R,212
Accessories,Helmets,Sport-100,33.64,Red,13.88,Sport-100_Helmet_Red,HL-U509-R,213
Accessories,Helmets,Sport-100,34.99,Red,13.09,Sport-100_Helmet_Red,HL-U509-R,214
Accessories,Helmets,Sport-100,33.64,Black,12.03,Sport-100_Helmet_Black,HL-U509,215
Accessories,Helmets,Sport-100,33.64,Black,13.88,Sport-100_Helmet_Black,HL-U509,216
Accessories,Helmets,Sport-100,34.99,Black,13.09,Sport-100_Helmet_Black,HL-U509,217
Clothing,Socks,Mountain_Bike_Socks,9.5,White,3.4,Mountain_Bike_Socks_M,SO-B909-M,218
Clothing,Socks,Mountain_Bike_Socks,9.5,White,3.4,Mountain_Bike_Socks_L,SO-B909-L,219
Accessories,Helmets,Sport-100,33.64,Blue,12.03,Sport-100_Helmet_Blue,HL-U509-B,220
Accessories,Helmets,Sport-100,33.64,Blue,13.88,Sport-100_Helmet_Blue,HL-U509-B,221
Accessories,Helmets,Sport-100,34.99,Blue,13.09,Sport-100_Helmet_Blue,HL-U509-B,222
Clothing,Caps,Cycling_Cap,8.64,Multi,5.71,AWC_Logo_Cap,CA-1098,223
Clothing,Caps,Cycling_Cap,8.64,Multi,5.23,AWC_Logo_Cap,CA-1098,224
Clothing,Caps,Cycling_Cap,8.99,Multi,6.92,AWC_Logo_Cap,CA-1098,225
Clothing,Jerseys,Long-Sleeve_Logo_Jersey,48.07,Multi,31.72,Long-Sleeve_Logo_Jersey_S,LJ-0192-S,226
Clothing,Jerseys,Long-Sleeve_Logo_Jersey,48.07,Multi,29.08,Long-Sleeve_Logo_Jersey_S,LJ-0192-S,227
Clothing,Jerseys,Long-Sleeve_Logo_Jersey,49.99,Multi,38.49,Long-Sleeve_Logo_Jersey_S,LJ-0192-S,228
Clothing,Jerseys,Long-Sleeve_Logo_Jersey,48.07,Multi,31.72,Long-Sleeve_Logo_Jersey_M,LJ-0192-M,229
Clothing,Jerseys,Long-Sleeve_Logo_Jersey,48.07,Multi,29.08,Long-Sleeve_Logo_Jersey_M,LJ-0192-M,230
Clothing,Jerseys,Long-Sleeve_Logo_Jersey,49.99,Multi,38.49,Long-Sleeve_Logo_Jersey_M,LJ-0192-M,231
Clothing,Jerseys,Long-Sleeve_Logo_Jersey,48.07,Multi,31.72,Long-Sleeve_Logo_Jersey_L,LJ-0192-L,232
Clothing,Jerseys,Long-Sleeve_Logo_Jersey,48.07,Multi,29.08,Long-Sleeve_Logo_Jersey_L,LJ-0192-L,233
Clothing,Jerseys,Long-Sleeve_Logo_Jersey,49.99,Multi,38.49,Long-Sleeve_Logo_Jersey_L,LJ-0192-L,234
Clothing,Jerseys,Long-Sleeve_Logo_Jersey,48.07,Multi,31.72,Long-Sleeve_Logo_Jersey_XL,LJ-0192-X,235
Clothing,Jerseys,Long-Sleeve_Logo_Jersey,48.07,Multi,29.08,Long-Sleeve_Logo_Jersey_XL,LJ-0192-X,236
Clothing,Jerseys,Long-Sleeve_Logo_Jersey,49.99,Multi,38.49,Long-Sleeve_Logo_Jersey_XL,LJ-0192-X,237
Components,Road_Frames,HL_Road_Frame,1263.46,Red,747.97,HL_Road_Frame_-_Red_62,FR-R92R-62,238
Components,Road_Frames,HL_Road_Frame,1301.36,Red,722.26,HL_Road_Frame_-_Red_62,FR-R92R-62,239
Components,Road_Frames,HL_Road_Frame,1431.5,Red,868.63,HL_Road_Frame_-_Red_62,FR-R92R-62,240
Components,Road_Frames,HL_Road_Frame,1263.46,Red,747.97,HL_Road_Frame_-_Red_44,FR-R92R-44,241
Components,Road_Frames,HL_Road_Frame,1301.36,Red,722.26,HL_Road_Frame_-_Red_44,FR-R92R-44,242
Components,Road_Frames,HL_Road_Frame,1431.5,Red,868.63,HL_Road_Frame_-_Red_44,FR-R92R-44,243
Components,Road_Frames,HL_Road_Frame,1263.46,Red,747.97,HL_Road_Frame_-_Red_48,FR-R92R-48,244
Components,Road_Frames,HL_Road_Frame,1301.36,Red,722.26,HL_Road_Frame_-_Red_48,FR-R92R-48,245
Components,Road_Frames,HL_Road_Frame,1431.5,Red,868.63,HL_Road_Frame_-_Red_48,FR-R92R-48,246
Components,Road_Frames,HL_Road_Frame,1263.46,Red,747.97,HL_Road_Frame_-_Red_52,FR-R92R-52,247
Components,Road_Frames,HL_Road_Frame,1301.36,Red,722.26,HL_Road_Frame_-_Red_52,FR-R92R-52,248
Components,Road_Frames,HL_Road_Frame,1431.5,Red,868.63,HL_Road_Frame_-_Red_52,FR-R92R-52,249
Components,Road_Frames,HL_Road_Frame,1263.46,Red,747.97,HL_Road_Frame_-_Red_56,FR-R92R-56,250
Components,Road_Frames,HL_Road_Frame,1301.36,Red,722.26,HL_Road_Frame_-_Red_56,FR-R92R-56,251
Components,Road_Frames,HL_Road_Frame,1431.5,Red,868.63,HL_Road_Frame_-_Red_56,FR-R92R-56,252
Components,Road_Frames,LL_Road_Frame,297.63,Black,176.2,LL_Road_Frame_-_Black_58,FR-R38B-58,253
Components,Road_Frames,LL_Road_Frame,306.56,Black,170.14,LL_Road_Frame_-_Black_58,FR-R38B-58,254
Components,Road_Frames,LL_Road_Frame,337.22,Black,204.63,LL_Road_Frame_-_Black_58,FR-R38B-58,255
Components,Road_Frames,LL_Road_Frame,297.63,Black,176.2,LL_Road_Frame_-_Black_60,FR-R38B-60,256
Components,Road_Frames,LL_Road_Frame,306.56,Black,170.14,LL_Road_Frame_-_Black_60,FR-R38B-60,257
Components,Road_Frames,LL_Road_Frame,337.22,Black,204.63,LL_Road_Frame_-_Black_60,FR-R38B-60,258
Components,Road_Frames,LL_Road_Frame,297.63,Black,176.2,LL_Road_Frame_-_Black_62,FR-R38B-62,259
Components,Road_Frames,LL_Road_Frame,306.56,Black,170.14,LL_Road_Frame_-_Black_62,FR-R38B-62,260
Components,Road_Frames,LL_Road_Frame,337.22,Black,204.63,LL_Road_Frame_-_Black_62,FR-R38B-62,261
Components,Road_Frames,LL_Road_Frame,306.56,Red,181.49,LL_Road_Frame_-_Red_44,FR-R38R-44,262
Components,Road_Frames,LL_Road_Frame,337.22,Red,187.16,LL_Road_Frame_-_Red_44,FR-R38R-44,263
Components,Road_Frames,LL_Road_Frame,306.56,Red,181.49,LL_Road_Frame_-_Red_48,FR-R38R-48,264
Components,Road_Frames,LL_Road_Frame,337.22,Red,187.16,LL_Road_Frame_-_Red_48,FR-R38R-48,265
Components,Road_Frames,LL_Road_Frame,306.56,Red,181.49,LL_Road_Frame_-_Red_52,FR-R38R-52,266
Components,Road_Frames,LL_Road_Frame,337.22,Red,187.16,LL_Road_Frame_-_Red_52,FR-R38R-52,267
Components,Road_Frames,LL_Road_Frame,306.56,Red,181.49,LL_Road_Frame_-_Red_58,FR-R38R-58,268
Components,Road_Frames,LL_Road_Frame,337.22,Red,187.16,LL_Road_Frame_-_Red_58,FR-R38R-58,269
Components,Road_Frames,LL_Road_Frame,306.56,Red,181.49,LL_Road_Frame_-_Red_60,FR-R38R-60,270
Components,Road_Frames,LL_Road_Frame,337.22,Red,187.16,LL_Road_Frame_-_Red_60,FR-R38R-60,271
Components,Road_Frames,LL_Road_Frame,306.56,Red,181.49,LL_Road_Frame_-_Red_62,FR-R38R-62,272
Components,Road_Frames,LL_Road_Frame,337.22,Red,187.16,LL_Road_Frame_-_Red_62,FR-R38R-62,273
Components,Road_Frames,ML_Road_Frame,594.83,Red,352.14,ML_Road_Frame_-_Red_44,FR-R72R-44,274
Components,Road_Frames,ML_Road_Frame,594.83,Red,352.14,ML_Road_Frame_-_Red_48,FR-R72R-48,275
Components,Road_Frames,ML_Road_Frame,594.83,Red,352.14,ML_Road_Frame_-_Red_52,FR-R72R-52,276
Components,Road_Frames,ML_Road_Frame,594.83,Red,352.14,ML_Road_Frame_-_Red_58,FR-R72R-58,277
Components,Road_Frames,ML_Road_Frame,594.83,Red,352.14,ML_Road_Frame_-_Red_60,FR-R72R-60,278
Components,Road_Frames,LL_Road_Frame,297.63,Black,176.2,LL_Road_Frame_-_Black_44,FR-R38B-44,279
Components,Road_Frames,LL_Road_Frame,306.56,Black,170.14,LL_Road_Frame_-_Black_44,FR-R38B-44,280
Components,Road_Frames,LL_Road_Frame,337.22,Black,204.63,LL_Road_Frame_-_Black_44,FR-R38B-44,281
Components,Road_Frames,LL_Road_Frame,297.63,Black,176.2,LL_Road_Frame_-_Black_48,FR-R38B-48,282
Components,Road_Frames,LL_Road_Frame,306.56,Black,170.14,LL_Road_Frame_-_Black_48,FR-R38B-48,283
Components,Road_Frames,LL_Road_Frame,337.22,Black,204.63,LL_Road_Frame_-_Black_48,FR-R38B-48,284
Components,Road_Frames,LL_Road_Frame,297.63,Black,176.2,LL_Road_Frame_-_Black_52,FR-R38B-52,285
Components,Road_Frames,LL_Road_Frame,306.56,Black,170.14,LL_Road_Frame_-_Black_52,FR-R38B-52,286
Components,Road_Frames,LL_Road_Frame,337.22,Black,204.63,LL_Road_Frame_-_Black_52,FR-R38B-52,287
Components,Mountain_Frames,HL_Mountain_Frame,1204.32,Silver,623.84,HL_Mountain_Frame_-_Silver_42,FR-M94S-42,288
Components,Mountain_Frames,HL_Mountain_Frame,1240.45,Silver,660.91,HL_Mountain_Frame_-_Silver_42,FR-M94S-42,289
Components,Mountain_Frames,HL_Mountain_Frame,1364.5,Silver,747.2,HL_Mountain_Frame_-_Silver_42,FR-M94S-42,290
Components,Mountain_Frames,HL_Mountain_Frame,1364.5,Silver,706.81,HL_Mountain_Frame_-_Silver_44,FR-M94S-44,291
Components,Mountain_Frames,HL_Mountain_Frame,1364.5,Silver,706.81,HL_Mountain_Frame_-_Silver_48,FR-M94S-52,292
Components,Mountain_Frames,HL_Mountain_Frame,1204.32,Silver,623.84,HL_Mountain_Frame_-_Silver_46,FR-M94S-46,293
Components,Mountain_Frames,HL_Mountain_Frame,1240.45,Silver,660.91,HL_Mountain_Frame_-_Silver_46,FR-M94S-46,294
Components,Mountain_Frames,HL_Mountain_Frame,1364.5,Silver,747.2,HL_Mountain_Frame_-_Silver_46,FR-M94S-46,295
Components,Mountain_Frames,HL_Mountain_Frame,1191.17,Black,617.03,HL_Mountain_Frame_-_Black_42,FR-M94B-42,296
Components,Mountain_Frames,HL_Mountain_Frame,1226.91,Black,653.7,HL_Mountain_Frame_-_Black_42,FR-M94B-42,297
Components,Mountain_Frames,HL_Mountain_Frame,1349.6,Black,739.04,HL_Mountain_Frame_-_Black_42,FR-M94B-42,298
Components,Mountain_Frames,HL_Mountain_Frame,1349.6,Black,699.09,HL_Mountain_Frame_-_Black_44,FR-M94B-44,299
Components,Mountain_Frames,HL_Mountain_Frame,1349.6,Black,699.09,HL_Mountain_Frame_-_Black_48,FR-M94B-48,300
Components,Mountain_Frames,HL_Mountain_Frame,1191.17,Black,617.03,HL_Mountain_Frame_-_Black_46,FR-M94B-46,301
Components,Mountain_Frames,HL_Mountain_Frame,1226.91,Black,653.7,HL_Mountain_Frame_-_Black_46,FR-M94B-46,302
Components,Mountain_Frames,HL_Mountain_Frame,1349.6,Black,739.04,HL_Mountain_Frame_-_Black_46,FR-M94B-46,303
Components,Mountain_Frames,HL_Mountain_Frame,1191.17,Black,617.03,HL_Mountain_Frame_-_Black_38,FR-M94B-38,304
Components,Mountain_Frames,HL_Mountain_Frame,1226.91,Black,653.7,HL_Mountain_Frame_-_Black_38,FR-M94B-38,305
Components,Mountain_Frames,HL_Mountain_Frame,1349.6,Black,739.04,HL_Mountain_Frame_-_Black_38,FR-M94B-38,306
Components,Mountain_Frames,HL_Mountain_Frame,1204.32,Silver,623.84,HL_Mountain_Frame_-_Silver_38,FR-M94S-38,307
Components,Mountain_Frames,HL_Mountain_Frame,1240.45,Silver,660.91,HL_Mountain_Frame_-_Silver_38,FR-M94S-38,308
Components,Mountain_Frames,HL_Mountain_Frame,1364.5,Silver,747.2,HL_Mountain_Frame_-_Silver_38,FR-M94S-38,309
Bikes,Road_Bikes,Road-150,3578.27,Red,2171.29,Road-150_Red_62,BK-R93R-62,310
Bikes,Road_Bikes,Road-150,3578.27,Red,2171.29,Road-150_Red_44,BK-R93R-44,311
Bikes,Road_Bikes,Road-150,3578.27,Red,2171.29,Road-150_Red_48,BK-R93R-48,312
Bikes,Road_Bikes,Road-150,3578.27,Red,2171.29,Road-150_Red_52,BK-R93R-52,313
Bikes,Road_Bikes,Road-150,3578.27,Red,2171.29,Road-150_Red_56,BK-R93R-56,314
Bikes,Road_Bikes,Road-450,1457.99,Red,884.71,Road-450_Red_58,BK-R68R-58,315
Bikes,Road_Bikes,Road-450,1457.99,Red,884.71,Road-450_Red_60,BK-R68R-60,316
Bikes,Road_Bikes,Road-450,1457.99,Red,884.71,Road-450_Red_44,BK-R68R-44,317
Bikes,Road_Bikes,Road-450,1457.99,Red,884.71,Road-450_Red_48,BK-R68R-48,318
Bikes,Road_Bikes,Road-450,1457.99,Red,884.71,Road-450_Red_52,BK-R68R-52,319
Bikes,Road_Bikes,Road-650,699.1,Red,413.15,Road-650_Red_58,BK-R50R-58,320
Bikes,Road_Bikes,Road-650,782.99,Red,486.71,Road-650_Red_58,BK-R50R-58,321
Bikes,Road_Bikes,Road-650,699.1,Red,413.15,Road-650_Red_60,BK-R50R-60,322
Bikes,Road_Bikes,Road-650,782.99,Red,486.71,Road-650_Red_60,BK-R50R-60,323
Bikes,Road_Bikes,Road-650,699.1,Red,413.15,Road-650_Red_62,BK-R50R-62,324
Bikes,Road_Bikes,Road-650,782.99,Red,486.71,Road-650_Red_62,BK-R50R-62,325
Bikes,Road_Bikes,Road-650,699.1,Red,413.15,Road-650_Red_44,BK-R50R-44,326
Bikes,Road_Bikes,Road-650,782.99,Red,486.71,Road-650_Red_44,BK-R50R-44,327
Bikes,Road_Bikes,Road-650,699.1,Red,413.15,Road-650_Red_48,BK-R50R-48,328
Bikes,Road_Bikes,Road-650,782.99,Red,486.71,Road-650_Red_48,BK-R50R-48,329
Bikes,Road_Bikes,Road-650,699.1,Red,413.15,Road-650_Red_52,BK-R50R-52,330
Bikes,Road_Bikes,Road-650,782.99,Red,486.71,Road-650_Red_52,BK-R50R-52,331
Bikes,Road_Bikes,Road-650,699.1,Black,413.15,Road-650_Black_58,BK-R50B-58,332
Bikes,Road_Bikes,Road-650,782.99,Black,486.71,Road-650_Black_58,BK-R50B-58,333
Bikes,Road_Bikes,Road-650,699.1,Black,413.15,Road-650_Black_60,BK-R50B-60,334
Bikes,Road_Bikes,Road-650,782.99,Black,486.71,Road-650_Black_60,BK-R50B-60,335
Bikes,Road_Bikes,Road-650,699.1,Black,413.15,Road-650_Black_62,BK-R50B-62,336
Bikes,Road_Bikes,Road-650,782.99,Black,486.71,Road-650_Black_62,BK-R50B-62,337
Bikes,Road_Bikes,Road-650,699.1,Black,413.15,Road-650_Black_44,BK-R50B-44,338
Bikes,Road_Bikes,Road-650,782.99,Black,486.71,Road-650_Black_44,BK-R50B-44,339
Bikes,Road_Bikes,Road-650,699.1,Black,413.15,Road-650_Black_48,BK-R50B-48,340
Bikes,Road_Bikes,Road-650,782.99,Black,486.71,Road-650_Black_48,BK-R50B-48,341
Bikes,Road_Bikes,Road-650,699.1,Black,413.15,Road-650_Black_52,BK-R50B-52,342
Bikes,Road_Bikes,Road-650,782.99,Black,486.71,Road-650_Black_52,BK-R50B-52,343
Bikes,Mountain_Bikes,Mountain-100,3399.99,Silver,1912.15,Mountain-100_Silver_38,BK-M82S-38,344
Bikes,Mountain_Bikes,Mountain-100,3399.99,Silver,1912.15,Mountain-100_Silver_42,BK-M82S-42,345
Bikes,Mountain_Bikes,Mountain-100,3399.99,Silver,1912.15,Mountain-100_Silver_44,BK-M82S-44,346
Bikes,Mountain_Bikes,Mountain-100,3399.99,Silver,1912.15,Mountain-100_Silver_48,BK-M82S-48,347
Bikes,Mountain_Bikes,Mountain-100,3374.99,Black,1898.09,Mountain-100_Black_38,BK-M82B-38,348
Bikes,Mountain_Bikes,Mountain-100,3374.99,Black,1898.09,Mountain-100_Black_42,BK-M82B-42,349
Bikes,Mountain_Bikes,Mountain-100,3374.99,Black,1898.09,Mountain-100_Black_44,BK-M82B-44,350
Bikes,Mountain_Bikes,Mountain-100,3374.99,Black,1898.09,Mountain-100_Black_48,BK-M82B-48,351
Bikes,Mountain_Bikes,Mountain-200,2071.42,Silver,1117.86,Mountain-200_Silver_38,BK-M68S-38,352
Bikes,Mountain_Bikes,Mountain-200,2319.99,Silver,1265.62,Mountain-200_Silver_38,BK-M68S-38,353
Bikes,Mountain_Bikes,Mountain-200,2071.42,Silver,1117.86,Mountain-200_Silver_42,BK-M68S-42,354
Bikes,Mountain_Bikes,Mountain-200,2319.99,Silver,1265.62,Mountain-200_Silver_42,BK-M68S-42,355
Bikes,Mountain_Bikes,Mountain-200,2071.42,Silver,1117.86,Mountain-200_Silver_46,BK-M68S-46,356
Bikes,Mountain_Bikes,Mountain-200,2319.99,Silver,1265.62,Mountain-200_Silver_46,BK-M68S-46,357
Bikes,Mountain_Bikes,Mountain-200,2049.1,Black,1105.81,Mountain-200_Black_38,BK-M68B-38,358
Bikes,Mountain_Bikes,Mountain-200,2294.99,Black,1251.98,Mountain-200_Black_38,BK-M68B-38,359
Bikes,Mountain_Bikes,Mountain-200,2049.1,Black,1105.81,Mountain-200_Black_42,BK-M68B-42,360
Bikes,Mountain_Bikes,Mountain-200,2294.99,Black,1251.98,Mountain-200_Black_42,BK-M68B-42,361
Bikes,Mountain_Bikes,Mountain-200,2049.1,Black,1105.81,Mountain-200_Black_46,BK-M68B-46,362
Bikes,Mountain_Bikes,Mountain-200,2294.99,Black,1251.98,Mountain-200_Black_46,BK-M68B-46,363
Bikes,Mountain_Bikes,Mountain-300,1079.99,Black,598.44,Mountain-300_Black_38,BK-M47B-38,364
Bikes,Mountain_Bikes,Mountain-300,1079.99,Black,598.44,Mountain-300_Black_40,BK-M47B-40,365
Bikes,Mountain_Bikes,Mountain-300,1079.99,Black,598.44,Mountain-300_Black_44,BK-M47B-44,366
Bikes,Mountain_Bikes,Mountain-300,1079.99,Black,598.44,Mountain-300_Black_48,BK-M47B-48,367
Bikes,Road_Bikes,Road-250,2443.35,Red,1518.79,Road-250_Red_44,BK-R89R-44,368
Bikes,Road_Bikes,Road-250,2443.35,Red,1518.79,Road-250_Red_48,BK-R89R-48,369
Bikes,Road_Bikes,Road-250,2443.35,Red,1518.79,Road-250_Red_52,BK-R89R-52,370
Bikes,Road_Bikes,Road-250,2181.56,Red,1320.68,Road-250_Red_58,BK-R89R-58,371
Bikes,Road_Bikes,Road-250,2443.35,Red,1554.95,Road-250_Red_58,BK-R89R-58,372
Bikes,Road_Bikes,Road-250,2181.56,Black,1320.68,Road-250_Black_44,BK-R89B-44,373
Bikes,Road_Bikes,Road-250,2443.35,Black,1554.95,Road-250_Black_44,BK-R89B-44,374
Bikes,Road_Bikes,Road-250,2181.56,Black,1320.68,Road-250_Black_48,BK-R89B-48,375
Bikes,Road_Bikes,Road-250,2443.35,Black,1554.95,Road-250_Black_48,BK-R89B-48,376
Bikes,Road_Bikes,Road-250,2181.56,Black,1320.68,Road-250_Black_52,BK-R89B-52,377
Bikes,Road_Bikes,Road-250,2443.35,Black,1554.95,Road-250_Black_52,BK-R89B-52,378
Bikes,Road_Bikes,Road-250,2181.56,Black,1320.68,Road-250_Black_58,BK-R89B-58,379
Bikes,Road_Bikes,Road-250,2443.35,Black,1554.95,Road-250_Black_58,BK-R89B-58,380
Bikes,Road_Bikes,Road-550-W,1000.44,Yellow,605.65,Road-550-W_Yellow_38,BK-R64Y-38,381
Bikes,Road_Bikes,Road-550-W,1120.49,Yellow,713.08,Road-550-W_Yellow_38,BK-R64Y-38,382
Bikes,Road_Bikes,Road-550-W,1000.44,Yellow,605.65,Road-550-W_Yellow_40,BK-R64Y-40,383
Bikes,Road_Bikes,Road-550-W,1120.49,Yellow,713.08,Road-550-W_Yellow_40,BK-R64Y-40,384
Bikes,Road_Bikes,Road-550-W,1000.44,Yellow,605.65,Road-550-W_Yellow_42,BK-R64Y-42,385
Bikes,Road_Bikes,Road-550-W,1120.49,Yellow,713.08,Road-550-W_Yellow_42,BK-R64Y-42,386
Bikes,Road_Bikes,Road-550-W,1000.44,Yellow,605.65,Road-550-W_Yellow_44,BK-R64Y-44,387
Bikes,Road_Bikes,Road-550-W,1120.49,Yellow,713.08,Road-550-W_Yellow_44,BK-R64Y-44,388
Bikes,Road_Bikes,Road-550-W,1000.44,Yellow,605.65,Road-550-W_Yellow_48,BK-R64Y-48,389
Bikes,Road_Bikes,Road-550-W,1120.49,Yellow,713.08,Road-550-W_Yellow_48,BK-R64Y-48,390
Components,Forks,LL_Fork,148.22,NA,65.81,LL_Fork,FK-1639,391
Components,Forks,ML_Fork,175.49,NA,77.92,ML_Fork,FK-5136,392
Components,Forks,HL_Fork,229.49,NA,101.89,HL_Fork,FK-9939,393
Components,Headsets,LL_Headset,34.2,NA,15.18,LL_Headset,HS-0296,394
Components,Headsets,ML_Headset,102.29,NA,45.42,ML_Headset,HS-2451,395
Components,Headsets,HL_Headset,124.73,NA,55.38,HL_Headset,HS-3479,396
Components,Handlebars,LL_Mountain_Handlebars,40.49,NA,17.98,LL_Mountain_Handlebars,HB-M243,397
Components,Handlebars,LL_Mountain_Handlebars,44.54,NA,19.78,LL_Mountain_Handlebars,HB-M243,398
Components,Handlebars,ML_Mountain_Handlebars,56.29,NA,24.99,ML_Mountain_Handlebars,HB-M763,399
Components,Handlebars,ML_Mountain_Handlebars,61.92,NA,27.49,ML_Mountain_Handlebars,HB-M763,400
Components,Handlebars,HL_Mountain_Handlebars,109.34,NA,48.55,HL_Mountain_Handlebars,HB-M918,401
Components,Handlebars,HL_Mountain_Handlebars,120.27,NA,53.4,HL_Mountain_Handlebars,HB-M918,402
Components,Handlebars,LL_Road_Handlebars,40.49,NA,17.98,LL_Road_Handlebars,HB-R504,403
Components,Handlebars,LL_Road_Handlebars,44.54,NA,19.78,LL_Road_Handlebars,HB-R504,404
Components,Handlebars,ML_Road_Handlebars,56.29,NA,24.99,ML_Road_Handlebars,HB-R720,405
Components,Handlebars,ML_Road_Handlebars,61.92,NA,27.49,ML_Road_Handlebars,HB-R720,406
Components,Handlebars,HL_Road_Handlebars,109.34,NA,48.55,HL_Road_Handlebars,HB-R956,407
Components,Handlebars,HL_Road_Handlebars,120.27,NA,53.4,HL_Road_Handlebars,HB-R956,408
Components,Mountain_Frames,ML_Mountain_Frame-W,348.76,Black,185.82,ML_Mountain_Frame_-_Black_38,FR-M63B-38,409
Components,Wheels,LL_Mountain_Front_Wheel,60.75,Black,26.97,LL_Mountain_Front_Wheel,FW-M423,410
Components,Wheels,ML_Mountain_Front_Wheel,209.03,Black,92.81,ML_Mountain_Front_Wheel,FW-M762,411
Components,Wheels,HL_Mountain_Front_Wheel,300.22,Black,133.3,HL_Mountain_Front_Wheel,FW-M928,412
Components,Wheels,LL_Road_Front_Wheel,85.57,Black,37.99,LL_Road_Front_Wheel,FW-R623,413
Components,Wheels,ML_Road_Front_Wheel,248.39,Black,110.28,ML_Road_Front_Wheel,FW-R762,414
Components,Wheels,HL_Road_Front_Wheel,330.06,Black,146.55,HL_Road_Front_Wheel,FW-R820,415
Components,Wheels,Touring_Front_Wheel,218.01,Black,96.8,Touring_Front_Wheel,FW-T905,416
Components,Road_Frames,ML_Road_Frame-W,540.75,Yellow,300.12,ML_Road_Frame-W_-_Yellow_38,FR-R72Y-38,417
Components,Road_Frames,ML_Road_Frame-W,594.83,Yellow,360.94,ML_Road_Frame-W_-_Yellow_38,FR-R72Y-38,418
Components,Wheels,LL_Mountain_Rear_Wheel,87.75,Black,38.96,LL_Mountain_Rear_Wheel,RW-M423,419
Components,Wheels,ML_Mountain_Rear_Wheel,236.03,Black,104.8,ML_Mountain_Rear_Wheel,RW-M762,420
Components,Wheels,HL_Mountain_Rear_Wheel,327.22,Black,145.28,HL_Mountain_Rear_Wheel,RW-M928,421
Components,Wheels,LL_Road_Rear_Wheel,112.57,Black,49.98,LL_Road_Rear_Wheel,RW-R623,422
Components,Wheels,ML_Road_Rear_Wheel,275.39,Black,122.27,ML_Road_Rear_Wheel,RW-R762,423
Components,Wheels,HL_Road_Rear_Wheel,357.06,Black,158.53,HL_Road_Rear_Wheel,RW-R820,424
Components,Wheels,Touring_Rear_Wheel,245.01,Black,108.78,Touring_Rear_Wheel,RW-T905,425
Components,Mountain_Frames,ML_Mountain_Frame,348.76,Black,185.82,ML_Mountain_Frame_-_Black_40,FR-M63B-40,426
Components,Mountain_Frames,ML_Mountain_Frame,348.76,Black,185.82,ML_Mountain_Frame_-_Black_44,FR-M63B-44,427
Components,Mountain_Frames,ML_Mountain_Frame,348.76,Black,185.82,ML_Mountain_Frame_-_Black_48,FR-M63B-48,428
Components,Road_Frames,ML_Road_Frame-W,540.75,Yellow,300.12,ML_Road_Frame-W_-_Yellow_40,FR-R72Y-40,429
Components,Road_Frames,ML_Road_Frame-W,594.83,Yellow,360.94,ML_Road_Frame-W_-_Yellow_40,FR-R72Y-40,430
Components,Road_Frames,ML_Road_Frame-W,540.75,Yellow,300.12,ML_Road_Frame-W_-_Yellow_42,FR-R72Y-42,431
Components,Road_Frames,ML_Road_Frame-W,594.83,Yellow,360.94,ML_Road_Frame-W_-_Yellow_42,FR-R72Y-42,432
Components,Road_Frames,ML_Road_Frame-W,540.75,Yellow,300.12,ML_Road_Frame-W_-_Yellow_44,FR-R72Y-44,433
Components,Road_Frames,ML_Road_Frame-W,594.83,Yellow,360.94,ML_Road_Frame-W_-_Yellow_44,FR-R72Y-44,434
Components,Road_Frames,ML_Road_Frame-W,540.75,Yellow,300.12,ML_Road_Frame-W_-_Yellow_48,FR-R72Y-48,435
Components,Road_Frames,ML_Road_Frame-W,594.83,Yellow,360.94,ML_Road_Frame-W_-_Yellow_48,FR-R72Y-48,436
Components,Road_Frames,HL_Road_Frame,1301.36,Black,722.26,HL_Road_Frame_-_Black_62,FR-R92B-62,437
Components,Road_Frames,HL_Road_Frame,1431.5,Black,868.63,HL_Road_Frame_-_Black_62,FR-R92B-62,438
Components,Road_Frames,HL_Road_Frame,1301.36,Black,722.26,HL_Road_Frame_-_Black_44,FR-R92B-44,439
Components,Road_Frames,HL_Road_Frame,1431.5,Black,868.63,HL_Road_Frame_-_Black_44,FR-R92B-44,440
Components,Road_Frames,HL_Road_Frame,1301.36,Black,722.26,HL_Road_Frame_-_Black_48,FR-R92B-48,441
Components,Road_Frames,HL_Road_Frame,1431.5,Black,868.63,HL_Road_Frame_-_Black_48,FR-R92B-48,442
Components,Road_Frames,HL_Road_Frame,1301.36,Black,722.26,HL_Road_Frame_-_Black_52,FR-R92B-52,443
Components,Road_Frames,HL_Road_Frame,1431.5,Black,868.63,HL_Road_Frame_-_Black_52,FR-R92B-52,444
Clothing,Shorts,Men's_Sports_Shorts,59.99,Black,24.75,Men's_Sports_Shorts_S,SH-M897-S,445
Accessories,Panniers,Touring-Panniers,125,Grey,51.56,Touring-Panniers_Large,PA-T100,446
Accessories,Locks,Cable_Lock,25,NA,10.31,Cable_Lock,LO-C100,447
Accessories,Pumps,Minipump,19.99,NA,8.25,Minipump,PU-0452,448
Accessories,Pumps,Mountain_Pump,24.99,NA,10.31,Mountain_Pump,PU-M044,449
Accessories,Lights,Taillight,13.99,NA,5.77,Taillights_-_Battery-Powered,LT-T990,450
Accessories,Lights,Headlights_-_Dual-Beam,34.99,NA,14.43,Headlights_-_Dual-Beam,LT-H902,451
Accessories,Lights,Headlights_-_Weatherproof,44.99,NA,18.56,Headlights_-_Weatherproof,LT-H903,452
Clothing,Shorts,Men's_Sports_Shorts,59.99,Black,24.75,Men's_Sports_Shorts_M,SH-M897-M,453
Clothing,Shorts,Men's_Sports_Shorts,59.99,Black,24.75,Men's_Sports_Shorts_L,SH-M897-L,454
Clothing,Shorts,Men's_Sports_Shorts,59.99,Black,24.75,Men's_Sports_Shorts_XL,SH-M897-X,455
Clothing,Tights,Women's_Tights,74.99,Black,30.93,Women's_Tights_S,TG-W091-S,456
Clothing,Tights,Women's_Tights,74.99,Black,30.93,Women's_Tights_M,TG-W091-M,457
Clothing,Tights,Women's_Tights,74.99,Black,30.93,Women's_Tights_L,TG-W091-L,458
Clothing,Bib-Shorts,Men's_Bib-Shorts,89.99,Multi,37.12,Men's_Bib-Shorts_S,SB-M891-S,459
Clothing,Bib-Shorts,Men's_Bib-Shorts,89.99,Multi,37.12,Men's_Bib-Shorts_M,SB-M891-M,460
Clothing,Bib-Shorts,Men's_Bib-Shorts,89.99,Multi,37.12,Men's_Bib-Shorts_L,SB-M891-L,461
Clothing,Gloves,Half-Finger_Gloves,23.55,Black,9.71,Half-Finger_Gloves_S,GL-H102-S,462
Clothing,Gloves,Half-Finger_Gloves,24.49,Black,9.16,Half-Finger_Gloves_S,GL-H102-S,463
Clothing,Gloves,Half-Finger_Gloves,23.55,Black,9.71,Half-Finger_Gloves_M,GL-H102-M,464
Clothing,Gloves,Half-Finger_Gloves,24.49,Black,9.16,Half-Finger_Gloves_M,GL-H102-M,465
Clothing,Gloves,Half-Finger_Gloves,23.55,Black,9.71,Half-Finger_Gloves_L,GL-H102-L,466
Clothing,Gloves,Half-Finger_Gloves,24.49,Black,9.16,Half-Finger_Gloves_L,GL-H102-L,467
Clothing,Gloves,Full-Finger_Gloves,37.99,Black,15.67,Full-Finger_Gloves_S,GL-F110-S,468
Clothing,Gloves,Full-Finger_Gloves,37.99,Black,15.67,Full-Finger_Gloves_M,GL-F110-M,469
Clothing,Gloves,Full-Finger_Gloves,37.99,Black,15.67,Full-Finger_Gloves_L,GL-F110-L,470
Clothing,Vests,Classic_Vest,63.5,Blue,23.75,Classic_Vest_S,VE-C304-S,471
Clothing,Vests,Classic_Vest,63.5,Blue,23.75,Classic_Vest_M,VE-C304-M,472
Clothing,Vests,Classic_Vest,63.5,Blue,23.75,Classic_Vest_L,VE-C304-L,473
Clothing,Shorts,Women's_Mountain_Shorts,69.99,Black,26.18,Women's_Mountain_Shorts_S,SH-W890-S,474
Clothing,Shorts,Women's_Mountain_Shorts,69.99,Black,26.18,Women's_Mountain_Shorts_M,SH-W890-M,475
Clothing,Shorts,Women's_Mountain_Shorts,69.99,Black,26.18,Women's_Mountain_Shorts_L,SH-W890-L,476
Accessories,Bottles_and_Cages,Water_Bottle,4.99,NA,1.87,Water_Bottle_-_30_oz.,WB-H098,477
Accessories,Bottles_and_Cages,Mountain_Bottle_Cage,9.99,NA,3.74,Mountain_Bottle_Cage,BC-M005,478
Accessories,Bottles_and_Cages,Road_Bottle_Cage,8.99,NA,3.36,Road_Bottle_Cage,BC-R205,479
Accessories,Tires_and_Tubes,Patch_kit,2.29,NA,0.86,Patch_Kit/8_Patches,PK-7098,480
Clothing,Socks,Racing_Socks,8.99,White,3.36,Racing_Socks_M,SO-R809-M,481
Clothing,Socks,Racing_Socks,8.99,White,3.36,Racing_Socks_L,SO-R809-L,482
Accessories,Bike_Racks,Hitch_Rack_-_4-Bike,120,NA,44.88,Hitch_Rack_-_4-Bike,RA-H123,483
Accessories,Cleaners,Bike_Wash,7.95,NA,2.97,Bike_Wash_-_Dissolver,CL-9009,484
Accessories,Fenders,Fender_Set_-_Mountain,21.98,NA,8.22,Fender_Set_-_Mountain,FE-6654,485
Accessories,Bike_Stands,All-Purpose_Bike_Stand,159,NA,59.47,All-Purpose_Bike_Stand,ST-1401,486
Accessories,Hydration_Packs,Hydration_Pack,54.99,Silver,20.57,Hydration_Pack_-_70_oz.,HY-1023-70,487
Clothing,Jerseys,Short-Sleeve_Classic_Jersey,53.99,Yellow,41.57,Short-Sleeve_Classic_Jersey_S,SJ-0194-S,488
Clothing,Jerseys,Short-Sleeve_Classic_Jersey,53.99,Yellow,41.57,Short-Sleeve_Classic_Jersey_M,SJ-0194-M,489
Clothing,Jerseys,Short-Sleeve_Classic_Jersey,53.99,Yellow,41.57,Short-Sleeve_Classic_Jersey_L,SJ-0194-L,490
Clothing,Jerseys,Short-Sleeve_Classic_Jersey,53.99,Yellow,41.57,Short-Sleeve_Classic_Jersey_XL,SJ-0194-X,491
Components,Touring_Frames,HL_Touring_Frame,1003.91,Yellow,601.74,HL_Touring_Frame_-_Yellow_60,FR-T98Y-60,492
Components,Touring_Frames,LL_Touring_Frame,333.42,Yellow,199.85,LL_Touring_Frame_-_Yellow_62,FR-T67Y-62,493
Components,Touring_Frames,HL_Touring_Frame,1003.91,Yellow,601.74,HL_Touring_Frame_-_Yellow_46,FR-T98Y-46,494
Components,Touring_Frames,HL_Touring_Frame,1003.91,Yellow,601.74,HL_Touring_Frame_-_Yellow_50,FR-T98Y-50,495
Components,Touring_Frames,HL_Touring_Frame,1003.91,Yellow,601.74,HL_Touring_Frame_-_Yellow_54,FR-T98Y-54,496
Components,Touring_Frames,HL_Touring_Frame,1003.91,Blue,601.74,HL_Touring_Frame_-_Blue_46,FR-T98U-46,497
Components,Touring_Frames,HL_Touring_Frame,1003.91,Blue,601.74,HL_Touring_Frame_-_Blue_50,FR-T98U-50,498
Components,Touring_Frames,HL_Touring_Frame,1003.91,Blue,601.74,HL_Touring_Frame_-_Blue_54,FR-T98U-54,499
Components,Touring_Frames,HL_Touring_Frame,1003.91,Blue,601.74,HL_Touring_Frame_-_Blue_60,FR-T98U-60,500
Components,Derailleurs,Rear_Derailleur,121.46,Silver,53.93,Rear_Derailleur,RD-2308,501
Components,Touring_Frames,LL_Touring_Frame,333.42,Blue,199.85,LL_Touring_Frame_-_Blue_50,FR-T67U-50,502
Components,Touring_Frames,LL_Touring_Frame,333.42,Blue,199.85,LL_Touring_Frame_-_Blue_54,FR-T67U-54,503
Components,Touring_Frames,LL_Touring_Frame,333.42,Blue,199.85,LL_Touring_Frame_-_Blue_58,FR-T67U-58,504
Components,Touring_Frames,LL_Touring_Frame,333.42,Blue,199.85,LL_Touring_Frame_-_Blue_62,FR-T67U-62,505
Components,Touring_Frames,LL_Touring_Frame,333.42,Yellow,199.85,LL_Touring_Frame_-_Yellow_44,FR-T67Y-44,506
Components,Touring_Frames,LL_Touring_Frame,333.42,Yellow,199.85,LL_Touring_Frame_-_Yellow_50,FR-T67Y-50,507
Components,Touring_Frames,LL_Touring_Frame,333.42,Yellow,199.85,LL_Touring_Frame_-_Yellow_54,FR-T67Y-54,508
Components,Touring_Frames,LL_Touring_Frame,333.42,Yellow,199.85,LL_Touring_Frame_-_Yellow_58,FR-T67Y-58,509
Components,Touring_Frames,LL_Touring_Frame,333.42,Blue,199.85,LL_Touring_Frame_-_Blue_44,FR-T67U-44,510
Components,Mountain_Frames,ML_Mountain_Frame-W,364.09,Silver,199.38,ML_Mountain_Frame-W_-_Silver_40,FR-M63S-40,511
Components,Mountain_Frames,ML_Mountain_Frame-W,364.09,Silver,199.38,ML_Mountain_Frame-W_-_Silver_42,FR-M63S-42,512
Components,Mountain_Frames,ML_Mountain_Frame-W,364.09,Silver,199.38,ML_Mountain_Frame-W_-_Silver_46,FR-M63S-46,513
Components,Brakes,Rear_Brakes,106.5,Silver,47.29,Rear_Brakes,RB-9231,514
Components,Saddles,LL_Mountain_Seat/Saddle_2,27.12,NA,12.04,LL_Mountain_Seat/Saddle,SE-M236,515
Components,Saddles,ML_Mountain_Seat/Saddle_2,39.14,NA,17.38,ML_Mountain_Seat/Saddle,SE-M798,516
Components,Saddles,HL_Mountain_Seat/Saddle_2,52.64,NA,23.37,HL_Mountain_Seat/Saddle,SE-M940,517
Components,Saddles,LL_Road_Seat/Saddle_1,27.12,NA,12.04,LL_Road_Seat/Saddle,SE-R581,518
Components,Saddles,ML_Road_Seat/Saddle_2,39.14,NA,17.38,ML_Road_Seat/Saddle,SE-R908,519
Components,Saddles,HL_Road_Seat/Saddle_2,52.64,NA,23.37,HL_Road_Seat/Saddle,SE-R995,520
Components,Saddles,LL_Touring_Seat/Saddle,27.12,NA,12.04,LL_Touring_Seat/Saddle,SE-T312,521
Components,Saddles,ML_Touring_Seat/Saddle,39.14,NA,17.38,ML_Touring_Seat/Saddle,SE-T762,522
Components,Saddles,HL_Touring_Seat/Saddle,52.64,NA,23.37,HL_Touring_Seat/Saddle,SE-T924,523
Components,Mountain_Frames,LL_Mountain_Frame,264.05,Silver,144.59,LL_Mountain_Frame_-_Silver_42,FR-M21S-42,524
Components,Mountain_Frames,LL_Mountain_Frame,264.05,Silver,144.59,LL_Mountain_Frame_-_Silver_44,FR-M21S-44,525
Components,Mountain_Frames,LL_Mountain_Frame,264.05,Silver,144.59,LL_Mountain_Frame_-_Silver_48,FR-M21S-48,526
Components,Mountain_Frames,LL_Mountain_Frame,264.05,Silver,144.59,LL_Mountain_Frame_-_Silver_52,FR-M21S-52,527
Accessories,Tires_and_Tubes,Mountain_Tire_Tube,4.99,NA,1.87,Mountain_Tire_Tube,TT-M928,528
Accessories,Tires_and_Tubes,Road_Tire_Tube,3.99,NA,1.49,Road_Tire_Tube,TT-R982,529
Accessories,Tires_and_Tubes,Touring_Tire_Tube,4.99,NA,1.87,Touring_Tire_Tube,TT-T092,530
Components,Mountain_Frames,LL_Mountain_Frame,249.79,Black,136.79,LL_Mountain_Frame_-_Black_42,FR-M21B-42,531
Components,Mountain_Frames,LL_Mountain_Frame,249.79,Black,136.79,LL_Mountain_Frame_-_Black_44,FR-M21B-44,532
Components,Mountain_Frames,LL_Mountain_Frame,249.79,Black,136.79,LL_Mountain_Frame_-_Black_48,FR-M21B-48,533
Components,Mountain_Frames,LL_Mountain_Frame,249.79,Black,136.79,LL_Mountain_Frame_-_Black_52,FR-M21B-52,534
Accessories,Tires_and_Tubes,LL_Mountain_Tire,24.99,NA,9.35,LL_Mountain_Tire,TI-M267,535
Accessories,Tires_and_Tubes,ML_Mountain_Tire,29.99,NA,11.22,ML_Mountain_Tire,TI-M602,536
Accessories,Tires_and_Tubes,HL_Mountain_Tire,35,NA,13.09,HL_Mountain_Tire,TI-M823,537
Accessories,Tires_and_Tubes,LL_Road_Tire,21.49,NA,8.04,LL_Road_Tire,TI-R092,538
Accessories,Tires_and_Tubes,ML_Road_Tire,24.99,NA,9.35,ML_Road_Tire,TI-R628,539
Accessories,Tires_and_Tubes,HL_Road_Tire,32.6,NA,12.19,HL_Road_Tire,TI-R982,540
Accessories,Tires_and_Tubes,Touring_Tire,28.99,NA,10.84,Touring_Tire,TI-T723,541
Components,Pedals,LL_Mountain_Pedal,40.49,Silver/Black,17.98,LL_Mountain_Pedal,PD-M282,542
Components,Pedals,ML_Mountain_Pedal,62.09,Silver/Black,27.57,ML_Mountain_Pedal,PD-M340,543
Components,Pedals,HL_Mountain_Pedal,80.99,Silver/Black,35.96,HL_Mountain_Pedal,PD-M562,544
Components,Pedals,LL_Road_Pedal,40.49,Silver/Black,17.98,LL_Road_Pedal,PD-R347,545
Components,Pedals,ML_Road_Pedal,62.09,Silver/Black,27.57,ML_Road_Pedal,PD-R563,546
Components,Pedals,HL_Road_Pedal,80.99,Silver/Black,35.96,HL_Road_Pedal,PD-R853,547
Components,Pedals,Touring_Pedal,80.99,Silver/Black,35.96,Touring_Pedal,PD-T852,548
Components,Mountain_Frames,ML_Mountain_Frame-W,364.09,Silver,199.38,ML_Mountain_Frame-W_-_Silver_38,FR-M63S-38,549
Components,Mountain_Frames,LL_Mountain_Frame,249.79,Black,136.79,LL_Mountain_Frame_-_Black_40,FR-M21B-40,550
Components,Mountain_Frames,LL_Mountain_Frame,264.05,Silver,144.59,LL_Mountain_Frame_-_Silver_40,FR-M21S-40,551
Components,Derailleurs,Front_Derailleur,91.49,Silver,40.62,Front_Derailleur,FD-2342,552
Components,Handlebars,LL_Touring_Handlebars,46.09,NA,20.46,LL_Touring_Handlebars,HB-T721,553
Components,Handlebars,HL_Touring_Handlebars,91.57,NA,40.66,HL_Touring_Handlebars,HB-T928,554
Components,Brakes,Front_Brakes,106.5,Silver,47.29,Front_Brakes,FB-9873,555
Components,Cranksets,LL_Crankset,175.49,Black,77.92,LL_Crankset,CS-4759,556
Components,Cranksets,ML_Crankset,256.49,Black,113.88,ML_Crankset,CS-6583,557
Components,Cranksets,HL_Crankset,404.99,Black,179.82,HL_Crankset,CS-9183,558
Components,Chains,Chain,20.24,Silver,8.99,Chain,CH-0234,559
Bikes,Touring_Bikes,Touring-2000,1214.85,Blue,755.15,Touring-2000_Blue_60,BK-T44U-60,560
Bikes,Touring_Bikes,Touring-1000,2384.07,Yellow,1481.94,Touring-1000_Yellow_46,BK-T79Y-46,561
Bikes,Touring_Bikes,Touring-1000,2384.07,Yellow,1481.94,Touring-1000_Yellow_50,BK-T79Y-50,562
Bikes,Touring_Bikes,Touring-1000,2384.07,Yellow,1481.94,Touring-1000_Yellow_54,BK-T79Y-54,563
Bikes,Touring_Bikes,Touring-1000,2384.07,Yellow,1481.94,Touring-1000_Yellow_60,BK-T79Y-60,564
Bikes,Touring_Bikes,Touring-3000,742.35,Blue,461.44,Touring-3000_Blue_54,BK-T18U-54,565
Bikes,Touring_Bikes,Touring-3000,742.35,Blue,461.44,Touring-3000_Blue_58,BK-T18U-58,566
Bikes,Touring_Bikes,Touring-3000,742.35,Blue,461.44,Touring-3000_Blue_62,BK-T18U-62,567
Bikes,Touring_Bikes,Touring-3000,742.35,Yellow,461.44,Touring-3000_Yellow_44,BK-T18Y-44,568
Bikes,Touring_Bikes,Touring-3000,742.35,Yellow,461.44,Touring-3000_Yellow_50,BK-T18Y-50,569
Bikes,Touring_Bikes,Touring-3000,742.35,Yellow,461.44,Touring-3000_Yellow_54,BK-T18Y-54,570
Bikes,Touring_Bikes,Touring-3000,742.35,Yellow,461.44,Touring-3000_Yellow_58,BK-T18Y-58,571
Bikes,Touring_Bikes,Touring-3000,742.35,Yellow,461.44,Touring-3000_Yellow_62,BK-T18Y-62,572
Bikes,Touring_Bikes,Touring-1000,2384.07,Blue,1481.94,Touring-1000_Blue_46,BK-T79U-46,573
Bikes,Touring_Bikes,Touring-1000,2384.07,Blue,1481.94,Touring-1000_Blue_50,BK-T79U-50,574
Bikes,Touring_Bikes,Touring-1000,2384.07,Blue,1481.94,Touring-1000_Blue_54,BK-T79U-54,575
Bikes,Touring_Bikes,Touring-1000,2384.07,Blue,1481.94,Touring-1000_Blue_60,BK-T79U-60,576
Bikes,Touring_Bikes,Touring-2000,1214.85,Blue,755.15,Touring-2000_Blue_46,BK-T44U-46,577
Bikes,Touring_Bikes,Touring-2000,1214.85,Blue,755.15,Touring-2000_Blue_50,BK-T44U-50,578
Bikes,Touring_Bikes,Touring-2000,1214.85,Blue,755.15,Touring-2000_Blue_54,BK-T44U-54,579
Bikes,Road_Bikes,Road-350-W,1700.99,Yellow,1082.51,Road-350-W_Yellow_40,BK-R79Y-40,580
Bikes,Road_Bikes,Road-350-W,1700.99,Yellow,1082.51,Road-350-W_Yellow_42,BK-R79Y-42,581
Bikes,Road_Bikes,Road-350-W,1700.99,Yellow,1082.51,Road-350-W_Yellow_44,BK-R79Y-44,582
Bikes,Road_Bikes,Road-350-W,1700.99,Yellow,1082.51,Road-350-W_Yellow_48,BK-R79Y-48,583
Bikes,Road_Bikes,Road-750,539.99,Black,343.65,Road-750_Black_58,BK-R19B-58,584
Bikes,Touring_Bikes,Touring-3000,742.35,Blue,461.44,Touring-3000_Blue_44,BK-T18U-44,585
Bikes,Touring_Bikes,Touring-3000,742.35,Blue,461.44,Touring-3000_Blue_50,BK-T18U-50,586
Bikes,Mountain_Bikes,Mountain-400-W,769.49,Silver,419.78,Mountain-400-W_Silver_38,BK-M38S-38,587
Bikes,Mountain_Bikes,Mountain-400-W,769.49,Silver,419.78,Mountain-400-W_Silver_40,BK-M38S-40,588
Bikes,Mountain_Bikes,Mountain-400-W,769.49,Silver,419.78,Mountain-400-W_Silver_42,BK-M38S-42,589
Bikes,Mountain_Bikes,Mountain-400-W,769.49,Silver,419.78,Mountain-400-W_Silver_46,BK-M38S-46,590
Bikes,Mountain_Bikes,Mountain-500,564.99,Silver,308.22,Mountain-500_Silver_40,BK-M18S-40,591
Bikes,Mountain_Bikes,Mountain-500,564.99,Silver,308.22,Mountain-500_Silver_42,BK-M18S-42,592
Bikes,Mountain_Bikes,Mountain-500,564.99,Silver,308.22,Mountain-500_Silver_44,BK-M18S-44,593
Bikes,Mountain_Bikes,Mountain-500,564.99,Silver,308.22,Mountain-500_Silver_48,BK-M18S-48,594
Bikes,Mountain_Bikes,Mountain-500,564.99,Silver,308.22,Mountain-500_Silver_52,BK-M18S-52,595
Bikes,Mountain_Bikes,Mountain-500,539.99,Black,294.58,Mountain-500_Black_40,BK-M18B-40,596
Bikes,Mountain_Bikes,Mountain-500,539.99,Black,294.58,Mountain-500_Black_42,BK-M18B-42,597
Bikes,Mountain_Bikes,Mountain-500,539.99,Black,294.58,Mountain-500_Black_44,BK-M18B-44,598
Bikes,Mountain_Bikes,Mountain-500,539.99,Black,294.58,Mountain-500_Black_48,BK-M18B-48,599
Bikes,Mountain_Bikes,Mountain-500,539.99,Black,294.58,Mountain-500_Black_52,BK-M18B-52,600
Components,Bottom_Brackets,LL_Bottom_Bracket,53.99,NA,23.97,LL_Bottom_Bracket,BB-7421,601
Components,Bottom_Brackets,ML_Bottom_Bracket,101.24,NA,44.95,ML_Bottom_Bracket,BB-8107,602
Components,Bottom_Brackets,HL_Bottom_Bracket,121.49,NA,53.94,HL_Bottom_Bracket,BB-9108,603
Bikes,Road_Bikes,Road-750,539.99,Black,343.65,Road-750_Black_44,BK-R19B-44,604
Bikes,Road_Bikes,Road-750,539.99,Black,343.65,Road-750_Black_48,BK-R19B-48,605
Bikes,Road_Bikes,Road-750,539.99,Black,343.65,Road-750_Black_52,BK-R19B-52,606
